{"cameraMode":{"drawMode":0,"name":"Shaded","section":"Shading Mode"},"sceneLighting":true,"audioPlay":false,"sceneViewState":{"m_AlwaysRefresh":false,"showFog":true,"showSkybox":true,"showFlares":true,"showImageEffects":true,"showParticleSystems":true,"showVisualEffectGraphs":true,"m_FxEnabled":true},"in2DMode":false,"pivot":{"x":-3.51775860786438,"y":9.017125129699707,"z":-5.191623687744141},"rotation":{"x":-0.3215184211730957,"y":-0.009174778126180172,"z":0.0027900920249521734,"w":-0.9469655752182007},"size":10.575746536254883,"orthographic":false}